Module Name,Module Type,Port Name,Direction,Width,Index,Comment Source,Comment 
sys_top,Top_Level,REF_CLK,INPUT,1,-,-,-
sys_top,Top_Level,UART_CLK,INPUT,1,-,-,-
sys_top,Top_Level,RST_N,INPUT,1,-,-,-
sys_top,Top_Level,UART_RX_IN,INPUT,1,-,-,-
sys_top,Top_Level,scan_clk,INPUT,1,-,-,-
sys_top,Top_Level,scan_rst,INPUT,1,-,-,-
sys_top,Top_Level,test_mode,INPUT,1,-,-,-
sys_top,Top_Level,SE,INPUT,1,-,-,-
sys_top,Top_Level,SI,INPUT,4,[3:0],-,-
sys_top,Top_Level,SO,OUTPUT,4,[3:0],-,-
sys_top,Top_Level,UART_TX_O,OUTPUT,1,-,-,-
sys_top,Top_Level,parity_error,OUTPUT,1,-,-,-
sys_top,Top_Level,framing_error,OUTPUT,1,-,-,-
